{
  "total_steps": 18299,
  "current_loss": 0.405068963766098,
  "best_loss": 0.405068963766098,
  "timestamp": "2026-01-16T18:57:43.485265",
  "device": "cpu",
  "training_hours": 4.868579124146038
}