{
  "total_steps": 19051,
  "current_loss": 0.5310190320014954,
  "best_loss": 0.5310190320014954,
  "timestamp": "2026-01-12T01:32:43.118842",
  "device": "cpu",
  "training_hours": 5.000093644592497
}