{
  "total_steps": 15550,
  "current_loss": 0.4181353449821472,
  "best_loss": 0.4181353449821472,
  "timestamp": "2026-01-16T14:04:44.001646",
  "device": "cpu",
  "training_hours": 4.196403458714485
}