{
  "total_steps": 18452,
  "current_loss": 0.46333396434783936,
  "best_loss": 0.46333396434783936,
  "timestamp": "2026-01-16T09:51:56.425334",
  "device": "cpu",
  "training_hours": 4.925291088885731
}