{
  "total_steps": 18719,
  "current_loss": 0.5472033023834229,
  "best_loss": 0.5472033023834229,
  "timestamp": "2026-01-11T10:30:00.169475",
  "device": "cpu",
  "training_hours": 5.000096848209699
}