{
  "total_steps": 16744,
  "current_loss": 0.3739909827709198,
  "best_loss": 0.3739909827709198,
  "timestamp": "2026-01-18T03:27:34.880445",
  "device": "cpu",
  "training_hours": 4.4439653676086
}