{
  "total_steps": 18893,
  "current_loss": 0.5424067974090576,
  "best_loss": 0.5424067974090576,
  "timestamp": "2026-01-11T00:43:44.043555",
  "device": "cpu",
  "training_hours": 5.000265245768759
}