{
  "total_steps": 15004,
  "current_loss": 0.47039127349853516,
  "best_loss": 0.47039127349853516,
  "timestamp": "2026-01-13T10:55:41.132543",
  "device": "cpu",
  "training_hours": 3.973180052836736
}