{
  "total_steps": 19084,
  "current_loss": 0.5475977659225464,
  "best_loss": 0.5475977659225464,
  "timestamp": "2026-01-14T01:56:51.292878",
  "device": "cpu",
  "training_hours": 5.000087169475026
}