{
  "total_steps": 17732,
  "current_loss": 0.3789779543876648,
  "best_loss": 0.3789779543876648,
  "timestamp": "2026-01-13T15:54:47.396905",
  "device": "cpu",
  "training_hours": 4.971549435257912
}