{
  "total_steps": 18265,
  "current_loss": 0.5542548298835754,
  "best_loss": 0.5542548298835754,
  "timestamp": "2026-01-15T01:06:28.017792",
  "device": "cpu",
  "training_hours": 5.000111885534393
}