{
  "total_steps": 17788,
  "current_loss": 0.6925463080406189,
  "best_loss": 0.6925463080406189,
  "timestamp": "2026-01-12T06:33:35.738300",
  "device": "cpu",
  "training_hours": 5.00020107653406
}