{
  "total_steps": 19131,
  "current_loss": 0.4624563157558441,
  "best_loss": 0.4624563157558441,
  "timestamp": "2026-01-14T10:31:58.463889",
  "device": "cpu",
  "training_hours": 4.19630171597004
}