{
  "total_steps": 19135,
  "current_loss": 0.579285740852356,
  "best_loss": 0.579285740852356,
  "timestamp": "2026-01-17T17:59:16.930000",
  "device": "cpu",
  "training_hours": 5.000184091991849
}