{
  "total_steps": 16801,
  "current_loss": 0.4701906144618988,
  "best_loss": 0.4701906144618988,
  "timestamp": "2026-01-13T02:09:06.441867",
  "device": "cpu",
  "training_hours": 4.528368496894837
}