{
  "total_steps": 18470,
  "current_loss": 0.572304904460907,
  "best_loss": 0.572304904460907,
  "timestamp": "2026-01-12T21:36:30.542391",
  "device": "cpu",
  "training_hours": 5.000079513523314
}