{
  "total_steps": 18865,
  "current_loss": 0.6374379992485046,
  "best_loss": 0.6374379992485046,
  "timestamp": "2026-01-13T20:55:47.310024",
  "device": "cpu",
  "training_hours": 5.000210498571396
}