{
  "total_steps": 18819,
  "current_loss": 0.5394355058670044,
  "best_loss": 0.5394355058670044,
  "timestamp": "2026-01-15T13:52:43.326348",
  "device": "cpu",
  "training_hours": 5.0003379739655385
}