{
  "total_steps": 18169,
  "current_loss": 0.586225152015686,
  "best_loss": 0.586225152015686,
  "timestamp": "2026-01-17T03:40:07.558545",
  "device": "cpu",
  "training_hours": 5.000044441752964
}