{
  "total_steps": 16251,
  "current_loss": 0.4220288395881653,
  "best_loss": 0.4220288395881653,
  "timestamp": "2026-01-14T06:19:01.439455",
  "device": "cpu",
  "training_hours": 4.355009306338098
}