{
  "total_steps": 20827,
  "current_loss": 0.5133330225944519,
  "best_loss": 0.5133330225944519,
  "timestamp": "2026-01-12T16:35:32.275658",
  "device": "cpu",
  "training_hours": 5.000095782412423
}