{
  "total_steps": 18875,
  "current_loss": 0.5601481795310974,
  "best_loss": 0.5601481795310974,
  "timestamp": "2026-01-15T23:54:36.732856",
  "device": "cpu",
  "training_hours": 5.000306199855275
}