{
  "total_steps": 18923,
  "current_loss": 0.5489259958267212,
  "best_loss": 0.5489259958267212,
  "timestamp": "2026-01-17T23:00:07.512582",
  "device": "cpu",
  "training_hours": 5.000212714274724
}