{
  "total_steps": 18004,
  "current_loss": 0.4859768748283386,
  "best_loss": 0.4859768748283386,
  "timestamp": "2026-01-13T06:56:22.227900",
  "device": "cpu",
  "training_hours": 4.773535795079337
}