{
  "total_steps": 13460,
  "current_loss": 0.49105605483055115,
  "best_loss": 0.49105605483055115,
  "timestamp": "2026-01-15T04:40:27.962120",
  "device": "cpu",
  "training_hours": 3.5523745389117134
}