{
  "total_steps": 15598,
  "current_loss": 0.45040079951286316,
  "best_loss": 0.45040079951286316,
  "timestamp": "2026-01-15T08:51:42.443885",
  "device": "cpu",
  "training_hours": 4.17306425511837
}