{
  "total_steps": 18698,
  "current_loss": 0.6124940514564514,
  "best_loss": 0.6124940514564514,
  "timestamp": "2026-01-14T15:32:51.806703",
  "device": "cpu",
  "training_hours": 5.000077222850588
}