{
  "total_steps": 19123,
  "current_loss": 0.5216042399406433,
  "best_loss": 0.5216042399406433,
  "timestamp": "2026-01-11T20:31:49.416534",
  "device": "cpu",
  "training_hours": 5.000283995668093
}