{
  "total_steps": 18811,
  "current_loss": 0.6074844002723694,
  "best_loss": 0.6074844002723694,
  "timestamp": "2026-01-16T04:55:31.353129",
  "device": "cpu",
  "training_hours": 5.000260179506408
}