{
  "total_steps": 18903,
  "current_loss": 0.5222029089927673,
  "best_loss": 0.5222029089927673,
  "timestamp": "2026-01-15T18:53:38.684006",
  "device": "cpu",
  "training_hours": 5.000199960337745
}