{
  "total_steps": 19077,
  "current_loss": 0.5813841223716736,
  "best_loss": 0.5813841223716736,
  "timestamp": "2026-01-17T12:58:19.359406",
  "device": "cpu",
  "training_hours": 5.000132772988743
}