{
  "total_steps": 18982,
  "current_loss": 0.5194406509399414,
  "best_loss": 0.5194406509399414,
  "timestamp": "2026-01-11T15:30:52.821247",
  "device": "cpu",
  "training_hours": 5.000283430417379
}