{
  "total_steps": 18728,
  "current_loss": 0.6026734113693237,
  "best_loss": 0.6026734113693237,
  "timestamp": "2026-01-10T19:42:52.573062",
  "device": "cpu",
  "training_hours": 5.0002827858262595
}