{
  "total_steps": 17660,
  "current_loss": 0.45848193764686584,
  "best_loss": 0.45848193764686584,
  "timestamp": "2026-01-11T05:29:01.752694",
  "device": "cpu",
  "training_hours": 4.738057703442044
}