{
  "total_steps": 18756,
  "current_loss": 0.6071866154670715,
  "best_loss": 0.6071866154670715,
  "timestamp": "2026-01-12T11:34:33.023180",
  "device": "cpu",
  "training_hours": 5.000121177434921
}