{
  "total_steps": 15800,
  "current_loss": 0.4879271686077118,
  "best_loss": 0.4879271686077118,
  "timestamp": "2026-01-18T07:42:04.819530",
  "device": "cpu",
  "training_hours": 4.225462547540665
}